id,first_name,last_name,email,gender,ip_address,country
1,Sibyl,Petracci,spetracci0@biblegateway.com,Female,34.34.16.185,Portugal
2,Banky,MacAindreis,bmacaindreis1@wordpress.org,Male,211.71.68.191,Pakistan
3,Margette,Duckit,mduckit2@i2i.jp,Female,41.135.227.17,China
4,Nico,Gremane,ngremane3@gnu.org,Male,38.249.156.125,China
5,Peadar,Ferguson,pferguson4@parallels.com,Male,186.173.85.43,Cameroon
6,Neda,Janus,njanus5@comsenz.com,Female,3.95.195.165,China
7,Oran,McIsaac,omcisaac6@china.com.cn,Male,180.174.26.29,South Africa
8,Georgetta,Van Arsdall,gvanarsdall7@netlog.com,Female,65.190.142.44,France
9,Thornie,Brevetor,tbrevetor8@bizjournals.com,Male,95.59.154.120,Peru
10,Tommy,Tunnah,ttunnah9@ebay.co.uk,Male,76.196.166.252,China
11,Ewell,Clotworthy,eclotworthya@mozilla.com,Male,72.24.19.36,Ireland
12,Mike,Cranage,mcranageb@example.com,Male,56.226.140.87,Sweden
13,Jimmie,Hawes,jhawesc@ebay.com,Male,215.194.205.19,Peru
14,Karmen,Marritt,kmarrittd@smugmug.com,Female,97.76.209.173,Philippines
15,Albertina,Gerriet,agerriete@bbb.org,Female,66.181.167.50,Portugal
16,Far,Esser,fesserf@forbes.com,Male,41.162.164.154,United States
17,Lissy,Restieaux,lrestieauxg@smh.com.au,Female,61.121.112.6,France
18,Reeva,Biskupek,rbiskupekh@goo.ne.jp,Female,173.38.240.7,Japan
19,Kim,Scothern,kscotherni@ning.com,Female,34.42.175.229,South Africa
20,Darleen,Seedhouse,dseedhousej@ning.com,Female,252.151.102.188,Brazil
21,Missy,Akess,makessk@1und1.de,Female,22.249.113.237,China
22,Dorise,Calf,dcalfl@marketwatch.com,Female,73.186.182.108,Canada
23,Janenna,Goodey,jgoodeym@columbia.edu,Female,73.254.227.25,Indonesia
24,Phillipp,Dumbrall,pdumbralln@mayoclinic.com,Male,49.166.204.170,China
25,Kalle,Trundell,ktrundello@howstuffworks.com,Male,137.176.177.200,Syria
26,Gordie,Dummett,gdummettp@shareasale.com,Male,99.232.224.83,Ukraine
27,Xenos,Bunyan,xbunyanq@hatena.ne.jp,Male,190.48.47.9,Canada
28,Dannie,Matonin,dmatoninr@altervista.org,Male,5.198.30.205,Afghanistan
29,Chadwick,MacFadden,cmacfaddens@comcast.net,Male,157.232.22.61,France
30,Wynnie,Jeremiah,wjeremiaht@adobe.com,Female,49.237.191.187,China
31,Ninnetta,Takos,ntakosu@weebly.com,Female,90.142.79.29,Mongolia
32,Livvie,Tritton,ltrittonv@webeden.co.uk,Female,16.110.37.172,Japan
33,Matthieu,Tims,mtimsw@usnews.com,Male,77.211.102.164,Poland
34,Agosto,Kollach,akollachx@quantcast.com,Male,17.207.24.29,United States
35,Glyn,Purdy,gpurdyy@marketwatch.com,Male,191.108.20.203,Czech Republic
36,Ernie,Nulty,enultyz@macromedia.com,Male,149.229.249.114,China
37,Bliss,Hoffman,bhoffman10@aol.com,Female,166.235.61.72,Vietnam
38,Brander,Chantler,bchantler11@dyndns.org,Male,6.109.108.5,China
39,Benjamen,Vallentine,bvallentine12@usgs.gov,Male,105.76.240.211,Azerbaijan
40,Constantina,Troake,ctroake13@latimes.com,Female,43.87.82.85,China
41,Heda,Eslemont,heslemont14@mediafire.com,Female,165.50.196.16,China
42,Hal,Neubigging,hneubigging15@quantcast.com,Male,33.17.130.143,Portugal
43,Alecia,Hefner,ahefner16@trellian.com,Female,143.193.133.134,China
44,Bernice,Chellenham,bchellenham17@cocolog-nifty.com,Female,83.1.248.164,Indonesia
45,Adara,Bouldon,abouldon18@jalbum.net,Female,12.226.196.13,Indonesia
46,Ashlie,Deble,adeble19@yellowpages.com,Female,10.248.187.249,China
47,Guido,Gaines,ggaines1a@who.int,Male,108.164.80.237,Mexico
48,Alexander,Featherstonhalgh,afeatherstonhalgh1b@purevolume.com,Male,189.77.159.133,Serbia
49,Quint,Dormer,qdormer1c@phpbb.com,Male,184.196.26.129,Indonesia
50,Danella,Drew-Clifton,ddrewclifton1d@mac.com,Female,41.69.138.51,Poland
51,Sara-ann,Jenkison,sjenkison1e@cnbc.com,Female,143.69.88.165,Russia
52,Larina,Ferraresi,lferraresi1f@gmpg.org,Female,9.161.66.213,Philippines
53,Aaren,Garbert,agarbert1g@ucla.edu,Female,144.106.4.226,Philippines
54,Codie,Cranstoun,ccranstoun1h@edublogs.org,Male,40.32.87.84,Indonesia
55,Lolly,Taunton.,ltaunton1i@springer.com,Female,96.71.48.37,China
56,Lemmy,Openshaw,lopenshaw1j@soup.io,Male,138.0.22.221,Indonesia
57,Pail,Gommowe,pgommowe1k@mtv.com,Male,169.79.101.121,Czech Republic
58,Marthena,Emmer,memmer1l@loc.gov,Female,251.212.13.39,Poland
59,Marchall,Towe,mtowe1m@t-online.de,Male,89.229.36.87,Afghanistan
60,Cori,Clohissy,cclohissy1n@eventbrite.com,Female,192.1.237.139,Indonesia
61,Les,Casine,lcasine1o@stumbleupon.com,Male,38.195.230.222,Brazil
62,Jacquetta,Stitcher,jstitcher1p@scientificamerican.com,Female,50.79.126.104,Canada
63,Cloe,Pulteneye,cpulteneye1q@fastcompany.com,Female,221.167.159.142,Peru
64,Ichabod,Rowswell,irowswell1r@java.com,Male,60.162.173.191,China
65,Filmer,Carlone,fcarlone1s@odnoklassniki.ru,Male,122.109.166.9,Peru
66,Edd,Kobpal,ekobpal1t@domainmarket.com,Male,145.239.166.200,China
67,Tabina,Silvester,tsilvester1u@tripadvisor.com,Female,174.84.156.239,China
68,Esme,Kretchmer,ekretchmer1v@seesaa.net,Female,83.246.4.25,South Africa
69,Emyle,Rollo,erollo1w@yandex.ru,Female,64.52.229.214,Indonesia
70,Ephrayim,Gravenall,egravenall1x@php.net,Male,241.211.81.57,Canada
71,Mill,Siggers,msiggers1y@latimes.com,Male,38.239.220.213,Brazil
72,Cristionna,Tattersall,ctattersall1z@vk.com,Female,208.237.201.203,Sweden
73,Barclay,Parmenter,bparmenter20@slideshare.net,Male,107.0.238.76,Mexico
74,Osgood,Arno,oarno21@opensource.org,Male,87.137.34.41,Guatemala
75,D'arcy,Steffan,dsteffan22@ocn.ne.jp,Male,237.195.115.187,Peru
76,Efrem,Jaan,ejaan23@tripod.com,Male,58.234.60.138,Portugal
77,Rock,Brixham,rbrixham24@uol.com.br,Male,36.162.60.150,Iran
78,Gard,Chinery,gchinery25@nationalgeographic.com,Male,115.104.228.196,Poland
79,Constanta,Lambdean,clambdean26@si.edu,Female,65.233.204.103,China
80,Niels,Luxford,nluxford27@tinypic.com,Male,246.97.122.60,Spain
81,Saba,Leaver,sleaver28@home.pl,Female,202.99.188.250,Japan
82,Webb,Blackaller,wblackaller29@reddit.com,Male,202.1.91.214,China
83,Lindy,Gratton,lgratton2a@vkontakte.ru,Male,30.176.97.13,Portugal
84,Constantine,Hawksworth,chawksworth2b@msu.edu,Female,10.237.7.222,Thailand
85,Fae,Strelitzer,fstrelitzer2c@reference.com,Female,18.234.174.96,Poland
86,Henka,Bredgeland,hbredgeland2d@google.cn,Female,36.91.82.178,China
87,Willyt,Pavolillo,wpavolillo2e@illinois.edu,Female,92.137.112.77,Russia
88,Melloney,Dyers,mdyers2f@senate.gov,Female,53.162.142.12,Argentina
89,Marnia,Brigstock,mbrigstock2g@seattletimes.com,Female,224.180.170.128,United States
90,Beniamino,Coslitt,bcoslitt2h@php.net,Male,205.0.46.221,Greece
91,Yvette,Showalter,yshowalter2i@howstuffworks.com,Female,125.186.224.101,Poland
92,Amie,Beeden,abeeden2j@reddit.com,Female,253.104.66.23,Czech Republic
93,Darryl,Olrenshaw,dolrenshaw2k@ask.com,Male,95.209.228.54,Portugal
94,Daryn,Inkster,dinkster2l@amazonaws.com,Female,95.29.233.224,Sweden
95,Leeanne,Ormrod,lormrod2m@elpais.com,Female,65.27.210.102,Norway
96,Alfie,Albutt,aalbutt2n@unicef.org,Male,131.220.70.190,Serbia
97,Ardis,Bearham,abearham2o@sciencedirect.com,Female,119.48.89.188,Brazil
98,Berke,Dillway,bdillway2p@ted.com,Male,251.148.231.188,Philippines
99,Ricardo,Buddington,rbuddington2q@dailymail.co.uk,Male,78.176.150.77,Czech Republic
100,Rosella,Geere,rgeere2r@liveinternet.ru,Female,114.141.95.249,Luxembourg
